{
  "split": "validation_sequence",
  "stage": "baseline",
  "accuracy": 0.8333333333333334,
  "precision": 0.9090909090909091,
  "recall": 0.9090909090909091,
  "f1": 0.9090909090909091,
  "roc_auc": 0.8636363636363636,
  "false_positive_rate": 1.0,
  "false_negative_rate": 0.09090909090909091
}