{
  "split": "test_adversarial_sequence",
  "stage": "baseline",
  "accuracy": 0.9545454545454546,
  "precision": 1.0,
  "recall": 0.9545454545454546,
  "f1": 0.9767441860465116,
  "roc_auc": NaN,
  "false_positive_rate": 0.0,
  "false_negative_rate": 0.045454545454545456
}