round_id,detection_rate,stealth_weight,generator_loss
1,1.0,0.43,1.0984325408935547
2,1.0,0.51,1.1924021244049072
