{
  "0": {
    "precision": 1.0,
    "recall": 0.5,
    "f1-score": 0.6666666666666666,
    "support": 2.0
  },
  "1": {
    "precision": 0.96875,
    "recall": 1.0,
    "f1-score": 0.9841269841269841,
    "support": 31.0
  },
  "accuracy": 0.9696969696969697,
  "macro avg": {
    "precision": 0.984375,
    "recall": 0.75,
    "f1-score": 0.8253968253968254,
    "support": 33.0
  },
  "weighted avg": {
    "precision": 0.9706439393939394,
    "recall": 0.9696969696969697,
    "f1-score": 0.9648869648869648,
    "support": 33.0
  }
}