{
  "0": {
    "precision": 0.0,
    "recall": 0.0,
    "f1-score": 0.0,
    "support": 2.0
  },
  "1": {
    "precision": 0.9166666666666666,
    "recall": 1.0,
    "f1-score": 0.9565217391304348,
    "support": 22.0
  },
  "accuracy": 0.9166666666666666,
  "macro avg": {
    "precision": 0.4583333333333333,
    "recall": 0.5,
    "f1-score": 0.4782608695652174,
    "support": 24.0
  },
  "weighted avg": {
    "precision": 0.8402777777777777,
    "recall": 0.9166666666666666,
    "f1-score": 0.8768115942028986,
    "support": 24.0
  }
}